First Name;Last Name;Phone;Experience (Years)
Charlie;Howard;024-3739-55;4
Dainton;Wright;664-2065-69;3
Hailey;Stevens;732-5948-09;25
Sam;Lloyd;;10
Savana;Anderson;324-2008-99;3
Brad;Cunningham;227-3379-63;7
Victor;;898-0845-29;25
Darcy;Alexander;n/a;3
Mike;Harrison;728-8950-26;12
Cherry;Alexander;101-9588-49;25
Roland;Anderson;553-5864-66;twenty
Vincent;Carroll;076-2211-99;12
Carlos;Stevens;422-9928-52;20
Abraham;Jones;330-1628-87;
Carlos;Higgins;247-1678-04;10
;Watson;522-3902-45;7
Valeria;Alexander;285-7216-64;11
April;Armstrong;680-1378-22;7
Thomas;Phillips;724-8852-89;24
Natalie;Wright;106-8925-20;16
Carl;Morrison;885-7259-17;6
Freddie;Anderson;888-0556-44;4
Frederick;Bailey;223-4904-47;23
Daisy;Mitchell;880-9313-99;5
Ryan;Campbell;653-6389-55;10
Edwin;Smith;776-7742-56;15
Ellia;Stevens;659-4633-30;23
Henry;Payne;355-5030-29;7
Carlos;Jones;228-4727-45;3
Melanie;Douglas;528-9025-25;23
Sienna;Mason;393-7294-49;8
Evelyn;Ellis;660-4935-43;9
Adelaide;Walker;132-9927-64;28
Abigail;Ellis;767-2148-41;13
Maddie;Stewart;678-7123-19;1
Tiana;Phillips;215-4869-27;13
Connie;Williams;959-7324-56;15
Isabella;Fowler;635-8158-24;0
Vivian;Johnston;545-7376-30;6
Daniel;Barnes;231-7416-51;11
Julian;Gray;734-1670-27;15
Derek;Allen;381-6835-92;1
Jack;Kelley;395-1205-09;18
Jacob;Jones;607-3694-05;17
Annabella;Perry;101-6176-05;22
Lily;Brown;433-2953-76;30
Alford;Moore;033-0668-18;8
Daryl;Morgan;808-7047-62;16
Brad;Hawkins;871-9010-04;7
Carl;Mitchell;584-9723-31;30
Frederick;Miller;092-4082-59;21
Dainton;Allen;777-6471-26;27
Nicholas;Fowler;264-3230-61;21
Aiden;Richards;618-3816-67;20
Owen;Williams;448-8621-91;7
Florrie;Montgomery;566-5436-79;13
Kirsten;Cameron;444-8441-69;0
Alford;Thompson;816-0065-00;28
Miley;Brooks;414-6012-60;5
Cadie;Thomas;248-8776-07;15
Ned;Henderson;200-6887-21;25
Carina;Phillips;070-8886-47;16
Derek;Johnston;750-3862-77;9
Sienna;Perkins;929-5755-75;11
David;Mitchell;419-4488-40;7
Vincent;Hall;455-4133-14;26
David;Kelly;014-7555-06;8
Grace;Cooper;633-1350-77;25
Vivian;Thompson;823-9876-65;27
Jordan;Myers;876-1234-41;19
David;Armstrong;509-1888-94;13
Elise;Lloyd;764-7011-81;5
Maddie;Alexander;150-2177-42;18
David;Henderson;631-5659-47;20
Thomas;Stevens;321-5385-90;29
Alexander;Johnson;673-6848-78;15
Justin;Harris;672-4412-39;17
Jack;Carroll;564-8047-17;2
Henry;Stewart;993-1207-51;23
Roman;Robinson;821-3276-94;30
Eleanor;Hamilton;545-3626-57;5
Arianna;Turner;928-0531-82;7
Kelsey;Fowler;591-7310-20;8
Max;Rogers;415-9931-76;2
Lana;Andrews;434-1543-63;30
Kevin;Harrison;959-8133-07;29
Connie;Cameron;934-5869-71;23
Patrick;Jones;914-6530-72;14
Stella;Montgomery;015-3052-63;29
Haris;Stewart;358-4590-19;29
Aldus;Johnston;190-3992-21;18
Jessica;Andrews;392-9780-69;25
Frederick;Morris;132-3320-82;2
Freddie;Grant;145-8989-04;2
Lilianna;Myers;485-7549-83;12
Frederick;Lloyd;408-5633-86;13
Maria;Turner;868-4974-36;7
Frederick;Craig;956-5627-17;4
Fiona;Nelson;961-3923-75;10
Alfred;Wright;370-4473-18;15